<?xml version="1.0" encoding="UTF-8"?>
<project-private xmlns="http://www.netbeans.org/ns/project-private/1">
    <editor-bookmarks xmlns="http://www.netbeans.org/ns/editor-bookmarks/2" lastBookmarkId="0"/>
    <open-files xmlns="http://www.netbeans.org/ns/projectui-open-files/2">
        <group>
            <file>file:/C:/Users/Yazan/Documents/NetBeansProjects/homework_DB/src/GUI/orderP.java</file>
            <file>file:/C:/Users/Yazan/Documents/NetBeansProjects/homework_DB/src/GUI/order.java</file>
            <file>file:/C:/Users/Yazan/Documents/NetBeansProjects/homework_DB/src/homework_db/product.java</file>
            <file>file:/C:/Users/Yazan/Documents/NetBeansProjects/homework_DB/src/GUI/editP.java</file>
            <file>file:/C:/Users/Yazan/Documents/NetBeansProjects/homework_DB/src/GUI/editO.java</file>
            <file>file:/C:/Users/Yazan/Documents/NetBeansProjects/homework_DB/src/homework_db/Homework_DB.java</file>
            <file>file:/C:/Users/Yazan/Documents/NetBeansProjects/homework_DB/src/GUI/insert.java</file>
            <file>file:/C:/Users/Yazan/Documents/NetBeansProjects/homework_DB/src/GUI/choose.java</file>
        </group>
    </open-files>
</project-private>
